{
    "accepted": true,
    "base_channel": 0,
    "class_idx": 3,
    "exp-confidence": 0.9573469161987305,
    "force_fp32": false,
    "img_normalize": true,
    "img_scale_db": 0,
    "input_transform": null,
    "layer_name": null,
    "mixclass_idx": null,
    "noise_mode": "const",
    "patch_idxs": null,
    "predictions": [
        0.0007047138060443103,
        6.840045443823328e-06,
        0.00020097829110454768,
        0.9573469161987305,
        0.00020432983001228422,
        0.040686387568712234,
        0.0002374375908402726,
        0.000532789621502161,
        4.68688813271001e-05,
        3.2765092328190804e-05
    ],
    "random_seed": 0,
    "sel_channels": 3,
    "stylemix_idx": [],
    "stylemix_seed": null,
    "to_pil": true,
    "trunc_cutoff": 0,
    "trunc_psi": 1,
    "untransform": false,
    "w0_seeds": [
        [
            113,
            1.0
        ]
    ],
    "w_load": null
}