{
    "accepted": true,
    "base_channel": 0,
    "class_idx": 3,
    "exp-confidence": 0.6991362571716309,
    "force_fp32": false,
    "img_normalize": true,
    "img_scale_db": 0,
    "input_transform": null,
    "layer_name": null,
    "mixclass_idx": null,
    "noise_mode": "const",
    "patch_idxs": null,
    "predictions": [
        2.706421582843177e-05,
        1.9514920495566912e-05,
        0.0005146167241036892,
        0.6991362571716309,
        0.0013389048399403691,
        0.2975247800350189,
        0.0008962317951954901,
        0.0004313231911510229,
        5.163200694369152e-05,
        5.974949090159498e-05
    ],
    "random_seed": 0,
    "sel_channels": 3,
    "stylemix_idx": [],
    "stylemix_seed": null,
    "to_pil": true,
    "trunc_cutoff": 0,
    "trunc_psi": 1,
    "untransform": false,
    "w0_seeds": [
        [
            307,
            1.0
        ]
    ],
    "w_load": null
}