{
    "accepted": true,
    "base_channel": 0,
    "class_idx": 3,
    "exp-confidence": 0.9736570119857788,
    "force_fp32": false,
    "img_normalize": true,
    "img_scale_db": 0,
    "input_transform": null,
    "layer_name": null,
    "mixclass_idx": null,
    "noise_mode": "const",
    "patch_idxs": null,
    "predictions": [
        1.8253202142659575e-05,
        1.6689607491571223e-06,
        0.0001503966050222516,
        0.9736570119857788,
        0.0004992085741832852,
        0.025493578985333443,
        0.00012061840243404731,
        4.1145092836814e-05,
        1.6776904885773547e-05,
        1.3313147064764053e-06
    ],
    "random_seed": 0,
    "sel_channels": 3,
    "stylemix_idx": [],
    "stylemix_seed": null,
    "to_pil": true,
    "trunc_cutoff": 0,
    "trunc_psi": 1,
    "untransform": false,
    "w0_seeds": [
        [
            44,
            1.0
        ]
    ],
    "w_load": null
}