{
    "accepted": true,
    "base_channel": 0,
    "class_idx": 3,
    "exp-confidence": 0.9998202919960022,
    "force_fp32": false,
    "img_normalize": true,
    "img_scale_db": 0,
    "input_transform": null,
    "layer_name": null,
    "mixclass_idx": null,
    "noise_mode": "const",
    "patch_idxs": null,
    "predictions": [
        2.19465292161658e-07,
        2.37832551874817e-07,
        1.9035553123103455e-05,
        0.9998202919960022,
        6.738890988344792e-06,
        0.00014356728934217244,
        6.9621223701687995e-06,
        2.6408079065731727e-06,
        3.0255404226409155e-07,
        9.131782263693822e-08
    ],
    "random_seed": 0,
    "sel_channels": 3,
    "stylemix_idx": [],
    "stylemix_seed": null,
    "to_pil": true,
    "trunc_cutoff": 0,
    "trunc_psi": 1,
    "untransform": false,
    "w0_seeds": [
        [
            136,
            1.0
        ]
    ],
    "w_load": null
}