{
    "accepted": true,
    "base_channel": 0,
    "class_idx": 3,
    "exp-confidence": 0.9998136162757874,
    "force_fp32": false,
    "img_normalize": true,
    "img_scale_db": 0,
    "input_transform": null,
    "layer_name": null,
    "mixclass_idx": null,
    "noise_mode": "const",
    "patch_idxs": null,
    "predictions": [
        8.604155823377369e-07,
        5.136110416970041e-07,
        4.344042099546641e-05,
        0.9998136162757874,
        1.5388757674372755e-05,
        9.019107528729364e-05,
        3.01383752230322e-05,
        4.856656687479699e-06,
        7.487670359296317e-07,
        2.8550496722345997e-07
    ],
    "random_seed": 0,
    "sel_channels": 3,
    "stylemix_idx": [],
    "stylemix_seed": null,
    "to_pil": true,
    "trunc_cutoff": 0,
    "trunc_psi": 1,
    "untransform": false,
    "w0_seeds": [
        [
            181,
            1.0
        ]
    ],
    "w_load": null
}