{
    "accepted": true,
    "base_channel": 0,
    "class_idx": 0,
    "exp-confidence": 0.9999123811721802,
    "force_fp32": false,
    "img_normalize": true,
    "img_scale_db": 0,
    "input_transform": null,
    "layer_name": null,
    "mixclass_idx": null,
    "noise_mode": "const",
    "patch_idxs": null,
    "predictions": [
        0.9999123811721802,
        1.6963931557256728e-06,
        6.686341657768935e-05,
        7.291337738024595e-07,
        2.2083797830418916e-06,
        5.703433316739392e-07,
        4.0946559920485015e-07,
        4.7239763034667703e-07,
        1.3415921785053797e-05,
        1.2207200370539795e-06
    ],
    "random_seed": 0,
    "sel_channels": 3,
    "stylemix_idx": [],
    "stylemix_seed": null,
    "to_pil": true,
    "trunc_cutoff": 0,
    "trunc_psi": 1,
    "untransform": false,
    "w0_seeds": [
        [
            1,
            1.0
        ]
    ],
    "w_load": null
}