{
    "accepted": true,
    "base_channel": 0,
    "class_idx": 0,
    "exp-confidence": 0.9999618530273438,
    "force_fp32": false,
    "img_normalize": true,
    "img_scale_db": 0,
    "input_transform": null,
    "layer_name": null,
    "mixclass_idx": null,
    "noise_mode": "const",
    "patch_idxs": null,
    "predictions": [
        0.9999618530273438,
        3.47844252246432e-06,
        1.9612432879512198e-05,
        1.414092878349038e-07,
        3.35096956405323e-07,
        7.596508311280559e-08,
        4.9857906248007566e-08,
        2.3193010179056728e-07,
        1.0850419130292721e-05,
        3.3514638744236436e-06
    ],
    "random_seed": 0,
    "sel_channels": 3,
    "stylemix_idx": [],
    "stylemix_seed": null,
    "to_pil": true,
    "trunc_cutoff": 0,
    "trunc_psi": 1,
    "untransform": false,
    "w0_seeds": [
        [
            18,
            1.0
        ]
    ],
    "w_load": null
}