{
    "accepted": true,
    "base_channel": 0,
    "class_idx": 6,
    "exp-confidence": 0.8384560942649841,
    "force_fp32": false,
    "img_normalize": true,
    "img_scale_db": 0,
    "input_transform": null,
    "layer_name": null,
    "mixclass_idx": null,
    "noise_mode": "const",
    "patch_idxs": null,
    "predictions": [
        3.227111665182747e-05,
        5.777872138423845e-05,
        0.02833784557878971,
        0.011013416573405266,
        0.0005430935998447239,
        0.12136255949735641,
        0.8384560942649841,
        0.00011968980834353715,
        2.0686295101768337e-05,
        5.668247104040347e-05
    ],
    "random_seed": 0,
    "sel_channels": 3,
    "stylemix_idx": [],
    "stylemix_seed": null,
    "to_pil": true,
    "trunc_cutoff": 0,
    "trunc_psi": 1,
    "untransform": false,
    "w0_seeds": [
        [
            340,
            1.0
        ]
    ],
    "w_load": null
}