{
    "accepted": true,
    "base_channel": 0,
    "class_idx": 6,
    "exp-confidence": 0.984203577041626,
    "force_fp32": false,
    "img_normalize": true,
    "img_scale_db": 0,
    "input_transform": null,
    "layer_name": null,
    "mixclass_idx": null,
    "noise_mode": "const",
    "patch_idxs": null,
    "predictions": [
        3.2501657187822275e-06,
        1.3942814121037372e-06,
        0.015219537541270256,
        0.00018167488451581448,
        0.00036895330413244665,
        1.4985592315497342e-05,
        0.984203577041626,
        2.413413994872826e-06,
        2.987432935697143e-06,
        1.2304371921345592e-06
    ],
    "random_seed": 0,
    "sel_channels": 3,
    "stylemix_idx": [],
    "stylemix_seed": null,
    "to_pil": true,
    "trunc_cutoff": 0,
    "trunc_psi": 1,
    "untransform": false,
    "w0_seeds": [
        [
            431,
            1.0
        ]
    ],
    "w_load": null
}