{
    "accepted": true,
    "base_channel": 0,
    "class_idx": 6,
    "exp-confidence": 0.9854378700256348,
    "force_fp32": false,
    "img_normalize": true,
    "img_scale_db": 0,
    "input_transform": null,
    "layer_name": null,
    "mixclass_idx": null,
    "noise_mode": "const",
    "patch_idxs": null,
    "predictions": [
        0.00011201200686627999,
        7.189715233835159e-06,
        0.013439948670566082,
        0.00029071554308757186,
        0.00026649938081391156,
        0.0003619455674197525,
        0.9854378700256348,
        2.6257434001308866e-05,
        4.6255256165750325e-05,
        1.1340917808411177e-05
    ],
    "random_seed": 0,
    "sel_channels": 3,
    "stylemix_idx": [],
    "stylemix_seed": null,
    "to_pil": true,
    "trunc_cutoff": 0,
    "trunc_psi": 1,
    "untransform": false,
    "w0_seeds": [
        [
            458,
            1.0
        ]
    ],
    "w_load": null
}