{
    "accepted": true,
    "base_channel": 0,
    "class_idx": 7,
    "exp-confidence": 0.9999774694442749,
    "force_fp32": false,
    "img_normalize": true,
    "img_scale_db": 0,
    "input_transform": null,
    "layer_name": null,
    "mixclass_idx": null,
    "noise_mode": "const",
    "patch_idxs": null,
    "predictions": [
        1.4733046782566817e-07,
        3.817537219674705e-08,
        1.640505331579334e-07,
        1.882169442524173e-07,
        4.2937750777127803e-07,
        2.1301184460753575e-05,
        1.268741911530924e-08,
        0.9999774694442749,
        2.717551161879328e-08,
        8.80038371064984e-08
    ],
    "random_seed": 0,
    "sel_channels": 3,
    "stylemix_idx": [],
    "stylemix_seed": null,
    "to_pil": true,
    "trunc_cutoff": 0,
    "trunc_psi": 1,
    "untransform": false,
    "w0_seeds": [
        [
            53,
            1.0
        ]
    ],
    "w_load": null
}