{
    "accepted": true,
    "base_channel": 0,
    "class_idx": 7,
    "exp-confidence": 0.9999421834945679,
    "force_fp32": false,
    "img_normalize": true,
    "img_scale_db": 0,
    "input_transform": null,
    "layer_name": null,
    "mixclass_idx": null,
    "noise_mode": "const",
    "patch_idxs": null,
    "predictions": [
        5.407266598922433e-07,
        8.126497874627603e-08,
        1.374229555040074e-06,
        7.4331596806587186e-06,
        1.0135093361895997e-05,
        3.758841194212437e-05,
        1.952154349282864e-07,
        0.9999421834945679,
        2.149857323274773e-07,
        2.9236247200969956e-07
    ],
    "random_seed": 0,
    "sel_channels": 3,
    "stylemix_idx": [],
    "stylemix_seed": null,
    "to_pil": true,
    "trunc_cutoff": 0,
    "trunc_psi": 1,
    "untransform": false,
    "w0_seeds": [
        [
            9,
            1.0
        ]
    ],
    "w_load": null
}