{
    "accepted": true,
    "base_channel": 0,
    "class_idx": 5,
    "exp-confidence": 0.9846211671829224,
    "force_fp32": false,
    "img_normalize": true,
    "img_scale_db": 0,
    "input_transform": null,
    "layer_name": null,
    "mixclass_idx": null,
    "noise_mode": "const",
    "patch_idxs": null,
    "predictions": [
        1.725775149452602e-07,
        1.7042091826624528e-07,
        4.293210167816142e-06,
        0.015361534431576729,
        1.6633101722618449e-06,
        0.9846211671829224,
        6.752061381121166e-06,
        3.1935235256241867e-06,
        4.767843364561486e-08,
        9.795876394491643e-07
    ],
    "random_seed": 0,
    "sel_channels": 3,
    "stylemix_idx": [],
    "stylemix_seed": null,
    "to_pil": true,
    "trunc_cutoff": 0,
    "trunc_psi": 1,
    "untransform": false,
    "w0_seeds": [
        [
            218,
            1.0
        ]
    ],
    "w_load": null
}