{
    "bf_pairs": [
        5,
        4,
        1,
        1,
        5,
        3,
        3,
        0,
        3,
        4
    ],
    "iterations": [
        528,
        503,
        231,
        156,
        548,
        415,
        388,
        183,
        383,
        543
    ],
    "pairs": [
        5,
        6,
        9,
        9,
        5,
        7,
        7,
        10,
        7,
        6
    ],
    "time": [
        118.95669507980347,
        112.85256743431091,
        51.50186729431152,
        34.96741557121277,
        123.53342366218567,
        93.54110503196716,
        87.64625263214111,
        41.168050050735474,
        86.32390713691711,
        121.60361576080322
    ]
}