{
    "accepted": true,
    "base_channel": 0,
    "class_idx": 2,
    "exp-confidence": 0.9999984502792358,
    "force_fp32": false,
    "img_normalize": true,
    "img_scale_db": 0,
    "input_transform": null,
    "layer_name": null,
    "mixclass_idx": null,
    "noise_mode": "const",
    "patch_idxs": null,
    "predictions": [
        2.448739451210713e-07,
        1.68679292755769e-08,
        0.9999984502792358,
        1.7193005419358087e-07,
        3.567232909063023e-07,
        2.1015023321524495e-07,
        1.8363748210958875e-07,
        1.8771770271541754e-07,
        9.186661031890253e-08,
        2.723560221795651e-08
    ],
    "random_seed": 0,
    "sel_channels": 3,
    "stylemix_idx": [],
    "stylemix_seed": null,
    "to_pil": true,
    "trunc_cutoff": 0,
    "trunc_psi": 1,
    "untransform": false,
    "w0_seeds": [
        [
            12,
            1.0
        ]
    ],
    "w_load": null
}