{
    "accepted": true,
    "base_channel": 0,
    "class_idx": 2,
    "exp-confidence": 0.9999850988388062,
    "force_fp32": false,
    "img_normalize": true,
    "img_scale_db": 0,
    "input_transform": null,
    "layer_name": null,
    "mixclass_idx": null,
    "noise_mode": "const",
    "patch_idxs": null,
    "predictions": [
        4.3253371586615685e-06,
        2.769582181372243e-07,
        0.9999850988388062,
        1.327547124674311e-06,
        2.2299202555586817e-06,
        2.6271550268575083e-06,
        1.5992519593055476e-06,
        8.380260396734229e-07,
        1.4212014320946764e-06,
        2.7492794174577284e-07
    ],
    "random_seed": 0,
    "sel_channels": 3,
    "stylemix_idx": [],
    "stylemix_seed": null,
    "to_pil": true,
    "trunc_cutoff": 0,
    "trunc_psi": 1,
    "untransform": false,
    "w0_seeds": [
        [
            34,
            1.0
        ]
    ],
    "w_load": null
}