{
    "accepted": true,
    "base_channel": 0,
    "class_idx": 2,
    "exp-confidence": 0.999984622001648,
    "force_fp32": false,
    "img_normalize": true,
    "img_scale_db": 0,
    "input_transform": null,
    "layer_name": null,
    "mixclass_idx": null,
    "noise_mode": "const",
    "patch_idxs": null,
    "predictions": [
        2.8103556815040065e-07,
        1.0812434680929073e-07,
        0.999984622001648,
        1.2181136526123737e-06,
        2.4148755528585752e-06,
        4.432225068740081e-06,
        2.929365564341424e-06,
        2.637994839460589e-06,
        8.159759090631269e-07,
        5.732529189117486e-07
    ],
    "random_seed": 0,
    "sel_channels": 3,
    "stylemix_idx": [],
    "stylemix_seed": null,
    "to_pil": true,
    "trunc_cutoff": 0,
    "trunc_psi": 1,
    "untransform": false,
    "w0_seeds": [
        [
            36,
            1.0
        ]
    ],
    "w_load": null
}