{
    "accepted": true,
    "base_channel": 0,
    "class_idx": 2,
    "exp-confidence": 0.9999698400497437,
    "force_fp32": false,
    "img_normalize": true,
    "img_scale_db": 0,
    "input_transform": null,
    "layer_name": null,
    "mixclass_idx": null,
    "noise_mode": "const",
    "patch_idxs": null,
    "predictions": [
        5.690405942004872e-07,
        2.3187544329061893e-08,
        0.9999698400497437,
        1.3212205658419407e-06,
        1.986627103178762e-05,
        6.444414339057403e-06,
        4.2590323801050545e-07,
        1.3359892818698427e-06,
        1.2421439876675322e-08,
        8.746850710394938e-08
    ],
    "random_seed": 0,
    "sel_channels": 3,
    "stylemix_idx": [],
    "stylemix_seed": null,
    "to_pil": true,
    "trunc_cutoff": 0,
    "trunc_psi": 1,
    "untransform": false,
    "w0_seeds": [
        [
            68,
            1.0
        ]
    ],
    "w_load": null
}