{
    "accepted": true,
    "base_channel": 0,
    "class_idx": 2,
    "exp-confidence": 0.8594253063201904,
    "force_fp32": false,
    "img_normalize": true,
    "img_scale_db": 0,
    "input_transform": null,
    "layer_name": null,
    "mixclass_idx": null,
    "noise_mode": "const",
    "patch_idxs": null,
    "predictions": [
        7.493788871215656e-05,
        6.253193532756995e-06,
        0.8594253063201904,
        0.0007250577909871936,
        0.06126398220658302,
        0.07787909358739853,
        3.573471985873766e-05,
        0.0005150000215508044,
        6.349296018015593e-05,
        1.1060223187087104e-05
    ],
    "random_seed": 0,
    "sel_channels": 3,
    "stylemix_idx": [],
    "stylemix_seed": null,
    "to_pil": true,
    "trunc_cutoff": 0,
    "trunc_psi": 1,
    "untransform": false,
    "w0_seeds": [
        [
            606,
            1.0
        ]
    ],
    "w_load": null
}