{
    "accepted": true,
    "base_channel": 0,
    "class_idx": 2,
    "exp-confidence": 0.959052324295044,
    "force_fp32": false,
    "img_normalize": true,
    "img_scale_db": 0,
    "input_transform": null,
    "layer_name": null,
    "mixclass_idx": null,
    "noise_mode": "const",
    "patch_idxs": null,
    "predictions": [
        0.004126752261072397,
        2.524868796172086e-05,
        0.959052324295044,
        0.0002080095000565052,
        0.012557728216052055,
        0.00019980872457381338,
        0.00024142826441675425,
        0.02348261885344982,
        5.950348713668063e-05,
        4.6510227548424155e-05
    ],
    "random_seed": 0,
    "sel_channels": 3,
    "stylemix_idx": [],
    "stylemix_seed": null,
    "to_pil": true,
    "trunc_cutoff": 0,
    "trunc_psi": 1,
    "untransform": false,
    "w0_seeds": [
        [
            623,
            1.0
        ]
    ],
    "w_load": null
}