{
    "accepted": true,
    "base_channel": 0,
    "class_idx": 2,
    "exp-confidence": 0.9663987755775452,
    "force_fp32": false,
    "img_normalize": true,
    "img_scale_db": 0,
    "input_transform": null,
    "layer_name": null,
    "mixclass_idx": null,
    "noise_mode": "const",
    "patch_idxs": null,
    "predictions": [
        0.031379565596580505,
        1.1312095921311993e-05,
        0.9663987755775452,
        0.0010526315309107304,
        0.0004387387598399073,
        0.00013997718633618206,
        0.0004697965341620147,
        2.5215593268512748e-05,
        7.47557423892431e-05,
        9.210413736582268e-06
    ],
    "random_seed": 0,
    "sel_channels": 3,
    "stylemix_idx": [],
    "stylemix_seed": null,
    "to_pil": true,
    "trunc_cutoff": 0,
    "trunc_psi": 1,
    "untransform": false,
    "w0_seeds": [
        [
            659,
            1.0
        ]
    ],
    "w_load": null
}