{
    "accepted": true,
    "base_channel": 0,
    "class_idx": 2,
    "exp-confidence": 0.6375030875205994,
    "force_fp32": false,
    "img_normalize": true,
    "img_scale_db": 0,
    "input_transform": null,
    "layer_name": null,
    "mixclass_idx": null,
    "noise_mode": "const",
    "patch_idxs": null,
    "predictions": [
        0.0020402101799845695,
        5.113616498420015e-05,
        0.6375030875205994,
        0.009890195913612843,
        0.33682289719581604,
        0.00638251006603241,
        0.006554477382451296,
        0.0002287255338160321,
        0.000485246506286785,
        4.1534018237143755e-05
    ],
    "random_seed": 0,
    "sel_channels": 3,
    "stylemix_idx": [],
    "stylemix_seed": null,
    "to_pil": true,
    "trunc_cutoff": 0,
    "trunc_psi": 1,
    "untransform": false,
    "w0_seeds": [
        [
            79,
            1.0
        ]
    ],
    "w_load": null
}