{
    "bf_pairs": [
        10,
        10,
        10,
        10,
        10,
        10,
        10,
        10,
        10,
        10
    ],
    "iterations": [
        1000,
        1000,
        1000,
        1000,
        1000,
        1000,
        1000,
        1000,
        1000,
        1000
    ],
    "pairs": [
        0,
        0,
        0,
        0,
        0,
        0,
        0,
        0,
        0,
        0
    ],
    "time": [
        223.580157995224,
        224.0751450061798,
        224.27825617790222,
        223.96136593818665,
        224.2364799976349,
        223.79179763793945,
        224.28849697113037,
        224.23082637786865,
        224.2044506072998,
        224.57454705238342
    ]
}