{
    "accepted": true,
    "base_channel": 0,
    "class_idx": 4,
    "exp-confidence": 0.9999988079071045,
    "force_fp32": false,
    "img_normalize": true,
    "img_scale_db": 0,
    "input_transform": null,
    "layer_name": null,
    "mixclass_idx": null,
    "noise_mode": "const",
    "patch_idxs": null,
    "predictions": [
        9.456497807036612e-09,
        1.3122137154653046e-08,
        2.6137396957892634e-07,
        3.206081942153105e-07,
        0.9999988079071045,
        1.6906162159102678e-07,
        1.2227265244746377e-07,
        2.902805249505036e-07,
        2.5515456414382243e-08,
        6.372048666491992e-09
    ],
    "random_seed": 0,
    "sel_channels": 3,
    "stylemix_idx": [],
    "stylemix_seed": null,
    "to_pil": true,
    "trunc_cutoff": 0,
    "trunc_psi": 1,
    "untransform": false,
    "w0_seeds": [
        [
            124,
            1.0
        ]
    ],
    "w_load": null
}