{
    "accepted": true,
    "base_channel": 0,
    "class_idx": 4,
    "exp-confidence": 0.9999910593032837,
    "force_fp32": false,
    "img_normalize": true,
    "img_scale_db": 0,
    "input_transform": null,
    "layer_name": null,
    "mixclass_idx": null,
    "noise_mode": "const",
    "patch_idxs": null,
    "predictions": [
        3.1095248687051935e-07,
        1.4792945535191393e-07,
        6.191514330566861e-06,
        3.518908613386884e-07,
        0.9999910593032837,
        5.1496844122311813e-08,
        8.762577294874063e-07,
        8.07846021189107e-08,
        8.775481319389655e-07,
        4.0631746855979145e-08
    ],
    "random_seed": 0,
    "sel_channels": 3,
    "stylemix_idx": [],
    "stylemix_seed": null,
    "to_pil": true,
    "trunc_cutoff": 0,
    "trunc_psi": 1,
    "untransform": false,
    "w0_seeds": [
        [
            18,
            1.0
        ]
    ],
    "w_load": null
}