{
    "accepted": true,
    "base_channel": 0,
    "class_idx": 4,
    "exp-confidence": 0.9999977350234985,
    "force_fp32": false,
    "img_normalize": true,
    "img_scale_db": 0,
    "input_transform": null,
    "layer_name": null,
    "mixclass_idx": null,
    "noise_mode": "const",
    "patch_idxs": null,
    "predictions": [
        6.138147767842383e-08,
        3.2780523184783306e-08,
        1.2791713288606843e-06,
        1.861638452282932e-07,
        0.9999977350234985,
        8.52096775361133e-08,
        2.586503171642107e-07,
        3.017032383922924e-07,
        6.358629889291478e-08,
        8.131596729299417e-09
    ],
    "random_seed": 0,
    "sel_channels": 3,
    "stylemix_idx": [],
    "stylemix_seed": null,
    "to_pil": true,
    "trunc_cutoff": 0,
    "trunc_psi": 1,
    "untransform": false,
    "w0_seeds": [
        [
            64,
            1.0
        ]
    ],
    "w_load": null
}