{
    "accepted": true,
    "base_channel": 0,
    "class_idx": 4,
    "exp-confidence": 0.9999974966049194,
    "force_fp32": false,
    "img_normalize": true,
    "img_scale_db": 0,
    "input_transform": null,
    "layer_name": null,
    "mixclass_idx": null,
    "noise_mode": "const",
    "patch_idxs": null,
    "predictions": [
        5.875724085058209e-08,
        2.88780945822964e-08,
        4.7288494897657074e-07,
        8.522427918933317e-08,
        0.9999974966049194,
        4.063547294208547e-07,
        1.8412062274819618e-07,
        1.1424042440921767e-06,
        8.114447069829112e-08,
        2.6455083457221917e-08
    ],
    "random_seed": 0,
    "sel_channels": 3,
    "stylemix_idx": [],
    "stylemix_seed": null,
    "to_pil": true,
    "trunc_cutoff": 0,
    "trunc_psi": 1,
    "untransform": false,
    "w0_seeds": [
        [
            66,
            1.0
        ]
    ],
    "w_load": null
}