{
    "accepted": true,
    "base_channel": 0,
    "class_idx": 4,
    "exp-confidence": 0.999998927116394,
    "force_fp32": false,
    "img_normalize": true,
    "img_scale_db": 0,
    "input_transform": null,
    "layer_name": null,
    "mixclass_idx": null,
    "noise_mode": "const",
    "patch_idxs": null,
    "predictions": [
        1.3873495241512046e-08,
        1.4443441997968876e-08,
        3.8552317960238724e-07,
        6.221073789447473e-08,
        0.999998927116394,
        8.179911503702897e-08,
        2.0227605546097038e-07,
        2.6505037453716795e-07,
        1.4942626691549776e-08,
        1.415014683203708e-08
    ],
    "random_seed": 0,
    "sel_channels": 3,
    "stylemix_idx": [],
    "stylemix_seed": null,
    "to_pil": true,
    "trunc_cutoff": 0,
    "trunc_psi": 1,
    "untransform": false,
    "w0_seeds": [
        [
            68,
            1.0
        ]
    ],
    "w_load": null
}