{
    "bf_pairs": [
        5,
        6,
        1,
        2,
        4,
        2,
        2,
        1,
        3,
        4
    ],
    "iterations": [
        544,
        725,
        232,
        291,
        541,
        464,
        294,
        274,
        355,
        500
    ],
    "pairs": [
        5,
        4,
        9,
        8,
        6,
        8,
        8,
        9,
        7,
        6
    ],
    "time": [
        557.7193276882172,
        355.913950920105,
        52.126070976257324,
        65.62024664878845,
        121.64485263824463,
        150.68229484558105,
        67.31340265274048,
        307.3738338947296,
        80.26014852523804,
        157.2932608127594
    ]
}