{
    "bf_pairs": [
        7,
        1,
        0,
        0,
        0,
        0,
        0,
        1,
        2,
        2
    ],
    "iterations": [
        1000,
        1000,
        1000,
        1000,
        1000,
        1000,
        1000,
        1000,
        1000,
        1000
    ],
    "pairs": [
        0,
        0,
        0,
        0,
        0,
        0,
        0,
        0,
        0,
        0
    ],
    "time": [
        281.50292706489563,
        281.2100954055786,
        280.75467133522034,
        281.18128395080566,
        281.0621769428253,
        281.7197971343994,
        281.4846770763397,
        281.6971552371979,
        281.9247694015503,
        281.4408814907074
    ]
}