{
    "bf_pairs": [
        1,
        1,
        0,
        2,
        3,
        1,
        3,
        0,
        2,
        2
    ],
    "iterations": [
        222,
        164,
        36,
        241,
        458,
        258,
        356,
        166,
        269,
        305
    ],
    "pairs": [
        9,
        9,
        10,
        8,
        7,
        9,
        7,
        10,
        8,
        8
    ],
    "time": [
        87.66542100906372,
        92.31624174118042,
        10.492867231369019,
        67.44568991661072,
        205.30627417564392,
        95.20423007011414,
        100.0439977645874,
        70.21674680709839,
        75.2846326828003,
        84.77818751335144
    ]
}