{
    "accepted": true,
    "base_channel": 0,
    "class_idx": 5,
    "exp-confidence": 0.999288022518158,
    "force_fp32": false,
    "img_normalize": true,
    "img_scale_db": 0,
    "input_transform": null,
    "layer_name": null,
    "mixclass_idx": null,
    "noise_mode": "const",
    "patch_idxs": null,
    "predictions": [
        4.7992625695769675e-06,
        2.140153355867369e-06,
        0.00021015913807787,
        0.00045363386743701994,
        5.3995031521481e-06,
        0.999288022518158,
        5.791158400825225e-06,
        9.252611562260427e-06,
        5.087575573270442e-06,
        1.5697551134508103e-05
    ],
    "random_seed": 0,
    "sel_channels": 3,
    "stylemix_idx": [],
    "stylemix_seed": null,
    "to_pil": true,
    "trunc_cutoff": 0,
    "trunc_psi": 1,
    "untransform": false,
    "w0_seeds": [
        [
            119,
            1.0
        ]
    ],
    "w_load": null
}