{
    "accepted": true,
    "base_channel": 0,
    "class_idx": 5,
    "exp-confidence": 0.9999849796295166,
    "force_fp32": false,
    "img_normalize": true,
    "img_scale_db": 0,
    "input_transform": null,
    "layer_name": null,
    "mixclass_idx": null,
    "noise_mode": "const",
    "patch_idxs": null,
    "predictions": [
        4.265883646326074e-08,
        1.9368412651488143e-08,
        2.465875468260492e-06,
        7.5256934906065e-06,
        2.3722350306343287e-06,
        0.9999849796295166,
        5.248699608273455e-07,
        2.1146452127140947e-06,
        1.5721349555519737e-08,
        3.835351947145682e-08
    ],
    "random_seed": 0,
    "sel_channels": 3,
    "stylemix_idx": [],
    "stylemix_seed": null,
    "to_pil": true,
    "trunc_cutoff": 0,
    "trunc_psi": 1,
    "untransform": false,
    "w0_seeds": [
        [
            47,
            1.0
        ]
    ],
    "w_load": null
}