{
    "accepted": true,
    "base_channel": 0,
    "class_idx": 4,
    "exp-confidence": 0.7510614991188049,
    "force_fp32": false,
    "img_normalize": true,
    "img_scale_db": 0,
    "input_transform": null,
    "layer_name": null,
    "mixclass_idx": null,
    "noise_mode": "const",
    "patch_idxs": null,
    "predictions": [
        4.123074540984817e-05,
        5.656258508679457e-06,
        0.00021398114040493965,
        1.020187119138427e-05,
        0.7510614991188049,
        0.00016194282216019928,
        6.115768428571755e-06,
        0.24848270416259766,
        1.1415412700443994e-05,
        5.261825208435766e-06
    ],
    "random_seed": 0,
    "sel_channels": 3,
    "stylemix_idx": [],
    "stylemix_seed": null,
    "to_pil": true,
    "trunc_cutoff": 0,
    "trunc_psi": 1,
    "untransform": false,
    "w0_seeds": [
        [
            838,
            1.0
        ]
    ],
    "w_load": null
}