{
    "accepted": true,
    "base_channel": 0,
    "class_idx": 8,
    "exp-confidence": 0.9999520778656006,
    "force_fp32": false,
    "img_normalize": true,
    "img_scale_db": 0,
    "input_transform": null,
    "layer_name": null,
    "mixclass_idx": null,
    "noise_mode": "const",
    "patch_idxs": null,
    "predictions": [
        4.059805633005453e-06,
        5.892111857974669e-06,
        9.52626010075619e-07,
        1.1348745829309337e-05,
        9.398163314244812e-08,
        1.2147577876930882e-07,
        2.7518456136021996e-07,
        2.0714138315724995e-07,
        0.9999520778656006,
        2.4934011889854446e-05
    ],
    "random_seed": 0,
    "sel_channels": 3,
    "stylemix_idx": [],
    "stylemix_seed": null,
    "to_pil": true,
    "trunc_cutoff": 0,
    "trunc_psi": 1,
    "untransform": false,
    "w0_seeds": [
        [
            12,
            1.0
        ]
    ],
    "w_load": null
}