{
    "accepted": true,
    "base_channel": 0,
    "class_idx": 8,
    "exp-confidence": 0.9999980926513672,
    "force_fp32": false,
    "img_normalize": true,
    "img_scale_db": 0,
    "input_transform": null,
    "layer_name": null,
    "mixclass_idx": null,
    "noise_mode": "const",
    "patch_idxs": null,
    "predictions": [
        5.843057806487195e-07,
        7.027260267022939e-07,
        7.60520748599447e-08,
        7.912871780035857e-08,
        4.428486377605623e-08,
        2.4052475566804787e-08,
        6.879723901676016e-09,
        8.126328943092176e-09,
        0.9999980926513672,
        3.2172926012208336e-07
    ],
    "random_seed": 0,
    "sel_channels": 3,
    "stylemix_idx": [],
    "stylemix_seed": null,
    "to_pil": true,
    "trunc_cutoff": 0,
    "trunc_psi": 1,
    "untransform": false,
    "w0_seeds": [
        [
            34,
            1.0
        ]
    ],
    "w_load": null
}