{
    "accepted": true,
    "base_channel": 0,
    "class_idx": 8,
    "exp-confidence": 0.999995231628418,
    "force_fp32": false,
    "img_normalize": true,
    "img_scale_db": 0,
    "input_transform": null,
    "layer_name": null,
    "mixclass_idx": null,
    "noise_mode": "const",
    "patch_idxs": null,
    "predictions": [
        1.0376509180787252e-06,
        2.4370979190280195e-06,
        1.9036504284031253e-07,
        2.5758231458894443e-07,
        3.703502926555302e-08,
        5.744002962160266e-08,
        5.050525331284916e-08,
        4.964671163065759e-08,
        0.999995231628418,
        6.434374313357694e-07
    ],
    "random_seed": 0,
    "sel_channels": 3,
    "stylemix_idx": [],
    "stylemix_seed": null,
    "to_pil": true,
    "trunc_cutoff": 0,
    "trunc_psi": 1,
    "untransform": false,
    "w0_seeds": [
        [
            68,
            1.0
        ]
    ],
    "w_load": null
}