{
    "accepted": true,
    "base_channel": 0,
    "class_idx": 1,
    "exp-confidence": 0.9999933242797852,
    "force_fp32": false,
    "img_normalize": true,
    "img_scale_db": 0,
    "input_transform": null,
    "layer_name": null,
    "mixclass_idx": null,
    "noise_mode": "const",
    "patch_idxs": null,
    "predictions": [
        1.1822296528407605e-06,
        0.9999933242797852,
        5.190818441747069e-08,
        1.7302207666602953e-08,
        4.629392336141791e-08,
        1.4211899213023571e-08,
        8.011866725610162e-08,
        5.9110966788011865e-08,
        9.162941978502204e-07,
        4.30046793553629e-06
    ],
    "random_seed": 0,
    "sel_channels": 3,
    "stylemix_idx": [],
    "stylemix_seed": null,
    "to_pil": true,
    "trunc_cutoff": 0,
    "trunc_psi": 1,
    "untransform": false,
    "w0_seeds": [
        [
            18,
            1.0
        ]
    ],
    "w_load": null
}