{
    "accepted": true,
    "base_channel": 0,
    "class_idx": 1,
    "exp-confidence": 0.9999892711639404,
    "force_fp32": false,
    "img_normalize": true,
    "img_scale_db": 0,
    "input_transform": null,
    "layer_name": null,
    "mixclass_idx": null,
    "noise_mode": "const",
    "patch_idxs": null,
    "predictions": [
        8.638039616926108e-07,
        0.9999892711639404,
        1.0054900911882214e-07,
        4.7620897447586685e-08,
        4.087270610853011e-08,
        6.739887936646483e-08,
        1.554827093741551e-07,
        1.0996276955665962e-07,
        1.8178585037276207e-07,
        9.20731145015452e-06
    ],
    "random_seed": 0,
    "sel_channels": 3,
    "stylemix_idx": [],
    "stylemix_seed": null,
    "to_pil": true,
    "trunc_cutoff": 0,
    "trunc_psi": 1,
    "untransform": false,
    "w0_seeds": [
        [
            3,
            1.0
        ]
    ],
    "w_load": null
}