{
    "accepted": true,
    "base_channel": 0,
    "class_idx": 1,
    "exp-confidence": 0.9999963045120239,
    "force_fp32": false,
    "img_normalize": true,
    "img_scale_db": 0,
    "input_transform": null,
    "layer_name": null,
    "mixclass_idx": null,
    "noise_mode": "const",
    "patch_idxs": null,
    "predictions": [
        2.4054099867498735e-07,
        0.9999963045120239,
        4.605433545634696e-08,
        2.1652073911582193e-08,
        7.925677891762462e-09,
        4.32180229381629e-08,
        2.635523266292239e-08,
        3.820296612389029e-08,
        2.1890062384954945e-07,
        2.9682842068723403e-06
    ],
    "random_seed": 0,
    "sel_channels": 3,
    "stylemix_idx": [],
    "stylemix_seed": null,
    "to_pil": true,
    "trunc_cutoff": 0,
    "trunc_psi": 1,
    "untransform": false,
    "w0_seeds": [
        [
            62,
            1.0
        ]
    ],
    "w_load": null
}