{
    "accepted": true,
    "base_channel": 0,
    "class_idx": 1,
    "exp-confidence": 0.9999715089797974,
    "force_fp32": false,
    "img_normalize": true,
    "img_scale_db": 0,
    "input_transform": null,
    "layer_name": null,
    "mixclass_idx": null,
    "noise_mode": "const",
    "patch_idxs": null,
    "predictions": [
        1.4053953236725647e-06,
        0.9999715089797974,
        4.2187096482848574e-08,
        4.57626647687448e-08,
        1.441967611981454e-08,
        1.08038832991042e-07,
        4.2178086800959136e-08,
        9.54853405232825e-08,
        9.156723308478831e-07,
        2.5904641006491147e-05
    ],
    "random_seed": 0,
    "sel_channels": 3,
    "stylemix_idx": [],
    "stylemix_seed": null,
    "to_pil": true,
    "trunc_cutoff": 0,
    "trunc_psi": 1,
    "untransform": false,
    "w0_seeds": [
        [
            9,
            1.0
        ]
    ],
    "w_load": null
}