{
    "accepted": true,
    "base_channel": 0,
    "class_idx": 0,
    "exp-confidence": 0.9236146211624146,
    "force_fp32": false,
    "img_normalize": true,
    "img_scale_db": 0,
    "input_transform": null,
    "layer_name": null,
    "mixclass_idx": null,
    "noise_mode": "const",
    "patch_idxs": null,
    "predictions": [
        0.9236146211624146,
        4.669050395023078e-05,
        0.07534987479448318,
        0.00031518630567006767,
        0.0001306649501202628,
        0.00018452560470905155,
        3.0233408324420452e-05,
        4.916524630971253e-05,
        0.0002465260913595557,
        3.2466075936099514e-05
    ],
    "random_seed": 0,
    "sel_channels": 3,
    "stylemix_idx": [],
    "stylemix_seed": null,
    "to_pil": true,
    "trunc_cutoff": 0,
    "trunc_psi": 1,
    "untransform": false,
    "w0_seeds": [
        [
            146,
            1.0
        ]
    ],
    "w_load": null
}