{
    "accepted": true,
    "base_channel": 0,
    "class_idx": 0,
    "exp-confidence": 0.7725070714950562,
    "force_fp32": false,
    "img_normalize": true,
    "img_scale_db": 0,
    "input_transform": null,
    "layer_name": null,
    "mixclass_idx": null,
    "noise_mode": "const",
    "patch_idxs": null,
    "predictions": [
        0.7725070714950562,
        9.976168257708196e-06,
        0.22729523479938507,
        2.4051591026363894e-05,
        5.518921170732938e-05,
        2.5448254746152088e-05,
        2.390309418842662e-05,
        6.979028512432706e-06,
        4.558751970762387e-05,
        6.613563073187834e-06
    ],
    "random_seed": 0,
    "sel_channels": 3,
    "stylemix_idx": [],
    "stylemix_seed": null,
    "to_pil": true,
    "trunc_cutoff": 0,
    "trunc_psi": 1,
    "untransform": false,
    "w0_seeds": [
        [
            244,
            1.0
        ]
    ],
    "w_load": null
}