{
    "accepted": true,
    "base_channel": 0,
    "class_idx": 0,
    "exp-confidence": 0.950230062007904,
    "force_fp32": false,
    "img_normalize": true,
    "img_scale_db": 0,
    "input_transform": null,
    "layer_name": null,
    "mixclass_idx": null,
    "noise_mode": "const",
    "patch_idxs": null,
    "predictions": [
        0.950230062007904,
        0.00089978490723297,
        0.003960447385907173,
        0.0008753620204515755,
        0.00020313334243837744,
        3.4402219171170145e-05,
        6.492401007562876e-05,
        7.21262622391805e-05,
        0.04026348143815994,
        0.003396339016035199
    ],
    "random_seed": 0,
    "sel_channels": 3,
    "stylemix_idx": [],
    "stylemix_seed": null,
    "to_pil": true,
    "trunc_cutoff": 0,
    "trunc_psi": 1,
    "untransform": false,
    "w0_seeds": [
        [
            444,
            1.0
        ]
    ],
    "w_load": null
}