{
    "accepted": true,
    "base_channel": 0,
    "class_idx": 0,
    "exp-confidence": 0.9505971074104309,
    "force_fp32": false,
    "img_normalize": true,
    "img_scale_db": 0,
    "input_transform": null,
    "layer_name": null,
    "mixclass_idx": null,
    "noise_mode": "const",
    "patch_idxs": null,
    "predictions": [
        0.9505971074104309,
        3.555581861292012e-05,
        0.00024878259864635766,
        7.220117822726024e-06,
        1.286965562030673e-05,
        3.6246808576834155e-06,
        1.8095211089530494e-06,
        2.28780004363216e-06,
        0.04907749220728874,
        1.3197411135479342e-05
    ],
    "random_seed": 0,
    "sel_channels": 3,
    "stylemix_idx": [],
    "stylemix_seed": null,
    "to_pil": true,
    "trunc_cutoff": 0,
    "trunc_psi": 1,
    "untransform": false,
    "w0_seeds": [
        [
            70,
            1.0
        ]
    ],
    "w_load": null
}