{
    "accepted": true,
    "base_channel": 0,
    "class_idx": 6,
    "exp-confidence": 0.9999963045120239,
    "force_fp32": false,
    "img_normalize": true,
    "img_scale_db": 0,
    "input_transform": null,
    "layer_name": null,
    "mixclass_idx": null,
    "noise_mode": "const",
    "patch_idxs": null,
    "predictions": [
        7.896649378835718e-08,
        2.2139774102925003e-07,
        1.4672297083961894e-06,
        1.976007553139425e-07,
        1.1708791589626344e-06,
        4.7006074055389035e-07,
        0.9999963045120239,
        1.5544651787990915e-08,
        8.043907939736528e-08,
        9.632091035882695e-08
    ],
    "random_seed": 0,
    "sel_channels": 3,
    "stylemix_idx": [],
    "stylemix_seed": null,
    "to_pil": true,
    "trunc_cutoff": 0,
    "trunc_psi": 1,
    "untransform": false,
    "w0_seeds": [
        [
            110,
            1.0
        ]
    ],
    "w_load": null
}