{
    "accepted": true,
    "base_channel": 0,
    "class_idx": 6,
    "exp-confidence": 0.9999887943267822,
    "force_fp32": false,
    "img_normalize": true,
    "img_scale_db": 0,
    "input_transform": null,
    "layer_name": null,
    "mixclass_idx": null,
    "noise_mode": "const",
    "patch_idxs": null,
    "predictions": [
        4.150179222506267e-07,
        4.88004332055425e-07,
        2.259192115161568e-06,
        5.5638297453697305e-06,
        1.0676421879907139e-06,
        8.921759899749304e-07,
        0.9999887943267822,
        6.331681134952305e-08,
        3.2287184126289503e-07,
        1.942032099577773e-07
    ],
    "random_seed": 0,
    "sel_channels": 3,
    "stylemix_idx": [],
    "stylemix_seed": null,
    "to_pil": true,
    "trunc_cutoff": 0,
    "trunc_psi": 1,
    "untransform": false,
    "w0_seeds": [
        [
            118,
            1.0
        ]
    ],
    "w_load": null
}