{
    "accepted": true,
    "base_channel": 0,
    "class_idx": 6,
    "exp-confidence": 0.9999954700469971,
    "force_fp32": false,
    "img_normalize": true,
    "img_scale_db": 0,
    "input_transform": null,
    "layer_name": null,
    "mixclass_idx": null,
    "noise_mode": "const",
    "patch_idxs": null,
    "predictions": [
        1.5394667229884362e-07,
        1.7888909553676058e-07,
        2.8109907361795194e-06,
        4.652574716601521e-07,
        4.7116125756474503e-07,
        1.6065166619227966e-07,
        0.9999954700469971,
        2.3719248787301694e-08,
        9.020760671774042e-08,
        1.126189417277601e-07
    ],
    "random_seed": 0,
    "sel_channels": 3,
    "stylemix_idx": [],
    "stylemix_seed": null,
    "to_pil": true,
    "trunc_cutoff": 0,
    "trunc_psi": 1,
    "untransform": false,
    "w0_seeds": [
        [
            19,
            1.0
        ]
    ],
    "w_load": null
}