{
    "accepted": true,
    "base_channel": 0,
    "class_idx": 6,
    "exp-confidence": 0.9999924898147583,
    "force_fp32": false,
    "img_normalize": true,
    "img_scale_db": 0,
    "input_transform": null,
    "layer_name": null,
    "mixclass_idx": null,
    "noise_mode": "const",
    "patch_idxs": null,
    "predictions": [
        1.1215398387776077e-07,
        2.6135063535548397e-07,
        3.4955694445670815e-06,
        1.3787411035082187e-06,
        9.143633974417753e-07,
        1.1799195362982573e-06,
        0.9999924898147583,
        4.6305103751365095e-08,
        8.18271459479547e-08,
        8.472239443335638e-08
    ],
    "random_seed": 0,
    "sel_channels": 3,
    "stylemix_idx": [],
    "stylemix_seed": null,
    "to_pil": true,
    "trunc_cutoff": 0,
    "trunc_psi": 1,
    "untransform": false,
    "w0_seeds": [
        [
            33,
            1.0
        ]
    ],
    "w_load": null
}