{
    "accepted": true,
    "base_channel": 0,
    "class_idx": 6,
    "exp-confidence": 0.9999978542327881,
    "force_fp32": false,
    "img_normalize": true,
    "img_scale_db": 0,
    "input_transform": null,
    "layer_name": null,
    "mixclass_idx": null,
    "noise_mode": "const",
    "patch_idxs": null,
    "predictions": [
        2.218693140321193e-08,
        1.266380991182814e-07,
        7.273424671438988e-07,
        4.62528504385773e-07,
        3.637601935224666e-07,
        3.7155464838178887e-07,
        0.9999978542327881,
        1.2357698864207123e-08,
        2.721273695271975e-08,
        4.0655585564763896e-08
    ],
    "random_seed": 0,
    "sel_channels": 3,
    "stylemix_idx": [],
    "stylemix_seed": null,
    "to_pil": true,
    "trunc_cutoff": 0,
    "trunc_psi": 1,
    "untransform": false,
    "w0_seeds": [
        [
            96,
            1.0
        ]
    ],
    "w_load": null
}