{
    "bf_pairs": [
        7,
        5,
        1,
        7,
        5,
        9,
        9,
        8,
        10,
        9
    ],
    "iterations": [
        1000,
        1000,
        1000,
        955,
        1000,
        1000,
        1000,
        1000,
        1000,
        1000
    ],
    "pairs": [
        0,
        0,
        0,
        1,
        0,
        0,
        0,
        0,
        0,
        0
    ],
    "time": [
        279.8611488342285,
        280.22970747947693,
        279.73406887054443,
        266.4383647441864,
        279.31439089775085,
        279.6773703098297,
        280.25688004493713,
        279.8282151222229,
        279.742369890213,
        279.70576667785645
    ]
}