{
    "bf_pairs": [
        1,
        1,
        0,
        2,
        3,
        3,
        2,
        0,
        3,
        2
    ],
    "iterations": [
        302,
        329,
        51,
        234,
        393,
        352,
        391,
        81,
        357,
        329
    ],
    "pairs": [
        9,
        9,
        10,
        8,
        7,
        7,
        8,
        10,
        7,
        8
    ],
    "time": [
        84.495445728302,
        92.22621774673462,
        14.120692729949951,
        65.6562888622284,
        110.25548434257507,
        99.08917808532715,
        110.68720316886902,
        23.14147973060608,
        100.49829912185669,
        92.69876337051392
    ]
}