{
    "accepted": true,
    "base_channel": 0,
    "class_idx": 8,
    "exp-confidence": 0.9811484217643738,
    "force_fp32": false,
    "img_normalize": true,
    "img_scale_db": 0,
    "input_transform": null,
    "layer_name": null,
    "mixclass_idx": null,
    "noise_mode": "const",
    "patch_idxs": null,
    "predictions": [
        0.0004954271134920418,
        0.015997160226106644,
        3.5279525036457926e-05,
        0.0016228961758315563,
        3.226171975256875e-05,
        0.00012923151371069252,
        4.293884558137506e-05,
        1.4481628568319138e-05,
        0.9811484217643738,
        0.00048187581705860794
    ],
    "random_seed": 0,
    "sel_channels": 3,
    "stylemix_idx": [],
    "stylemix_seed": null,
    "to_pil": true,
    "trunc_cutoff": 0,
    "trunc_psi": 1,
    "untransform": false,
    "w0_seeds": [
        [
            349,
            1.0
        ]
    ],
    "w_load": null
}