{
    "accepted": true,
    "base_channel": 0,
    "class_idx": 8,
    "exp-confidence": 0.9844778776168823,
    "force_fp32": false,
    "img_normalize": true,
    "img_scale_db": 0,
    "input_transform": null,
    "layer_name": null,
    "mixclass_idx": null,
    "noise_mode": "const",
    "patch_idxs": null,
    "predictions": [
        0.015351427718997002,
        0.00011546706082299352,
        2.243560265924316e-05,
        2.1407814188023622e-07,
        1.6380547549488256e-06,
        1.7649129802066454e-07,
        3.760385709483671e-07,
        3.250220572681428e-07,
        0.9844778776168823,
        3.004349309776444e-05
    ],
    "random_seed": 0,
    "sel_channels": 3,
    "stylemix_idx": [],
    "stylemix_seed": null,
    "to_pil": true,
    "trunc_cutoff": 0,
    "trunc_psi": 1,
    "untransform": false,
    "w0_seeds": [
        [
            765,
            1.0
        ]
    ],
    "w_load": null
}