{
    "accepted": true,
    "base_channel": 0,
    "class_idx": 8,
    "exp-confidence": 0.9692212343215942,
    "force_fp32": false,
    "img_normalize": true,
    "img_scale_db": 0,
    "input_transform": null,
    "layer_name": null,
    "mixclass_idx": null,
    "noise_mode": "const",
    "patch_idxs": null,
    "predictions": [
        2.2316611648420803e-05,
        0.030709946528077126,
        1.5067741969687631e-06,
        1.5930013432807755e-06,
        1.9615811197581934e-06,
        7.498822469642619e-07,
        6.74155216984218e-07,
        2.709423654323473e-07,
        0.9692212343215942,
        3.9713570004096255e-05
    ],
    "random_seed": 0,
    "sel_channels": 3,
    "stylemix_idx": [],
    "stylemix_seed": null,
    "to_pil": true,
    "trunc_cutoff": 0,
    "trunc_psi": 1,
    "untransform": false,
    "w0_seeds": [
        [
            897,
            1.0
        ]
    ],
    "w_load": null
}