{
    "accepted": true,
    "base_channel": 0,
    "class_idx": 8,
    "exp-confidence": 0.9894734025001526,
    "force_fp32": false,
    "img_normalize": true,
    "img_scale_db": 0,
    "input_transform": null,
    "layer_name": null,
    "mixclass_idx": null,
    "noise_mode": "const",
    "patch_idxs": null,
    "predictions": [
        0.010077868588268757,
        0.0001315279514528811,
        0.00010839239257620648,
        2.9015318432357162e-05,
        4.454205554793589e-05,
        4.5757055886497255e-06,
        4.262627498974325e-06,
        4.149422693444649e-06,
        0.9894734025001526,
        0.00012216440518386662
    ],
    "random_seed": 0,
    "sel_channels": 3,
    "stylemix_idx": [],
    "stylemix_seed": null,
    "to_pil": true,
    "trunc_cutoff": 0,
    "trunc_psi": 1,
    "untransform": false,
    "w0_seeds": [
        [
            905,
            1.0
        ]
    ],
    "w_load": null
}