{
    "accepted": true,
    "base_channel": 0,
    "class_idx": 9,
    "exp-confidence": 0.9820575714111328,
    "force_fp32": false,
    "img_normalize": true,
    "img_scale_db": 0,
    "input_transform": null,
    "layer_name": null,
    "mixclass_idx": null,
    "noise_mode": "const",
    "patch_idxs": null,
    "predictions": [
        3.821851350949146e-05,
        0.017877520993351936,
        6.13060137766297e-07,
        5.624533514492214e-07,
        1.5762925897888636e-07,
        7.195458806563693e-07,
        5.049411129220971e-07,
        4.395137125356996e-07,
        2.3705511921434663e-05,
        0.9820575714111328
    ],
    "random_seed": 0,
    "sel_channels": 3,
    "stylemix_idx": [],
    "stylemix_seed": null,
    "to_pil": true,
    "trunc_cutoff": 0,
    "trunc_psi": 1,
    "untransform": false,
    "w0_seeds": [
        [
            342,
            1.0
        ]
    ],
    "w_load": null
}