{
    "accepted": true,
    "base_channel": 0,
    "class_idx": 9,
    "exp-confidence": 0.9713538289070129,
    "force_fp32": false,
    "img_normalize": true,
    "img_scale_db": 0,
    "input_transform": null,
    "layer_name": null,
    "mixclass_idx": null,
    "noise_mode": "const",
    "patch_idxs": null,
    "predictions": [
        6.1001301219221205e-06,
        0.028637293726205826,
        3.087742754814826e-07,
        3.056112518606824e-07,
        2.5700451544707903e-08,
        7.799554282428289e-07,
        8.77993997505655e-08,
        6.154587595119665e-07,
        4.950583729623759e-07,
        0.9713538289070129
    ],
    "random_seed": 0,
    "sel_channels": 3,
    "stylemix_idx": [],
    "stylemix_seed": null,
    "to_pil": true,
    "trunc_cutoff": 0,
    "trunc_psi": 1,
    "untransform": false,
    "w0_seeds": [
        [
            458,
            1.0
        ]
    ],
    "w_load": null
}