{
    "bf_pairs": [
        10,
        10,
        8,
        10,
        8,
        10,
        9,
        8,
        10,
        10
    ],
    "iterations": [
        1000,
        1000,
        1000,
        1000,
        1000,
        1000,
        1000,
        1000,
        1000,
        1000
    ],
    "pairs": [
        0,
        0,
        0,
        0,
        0,
        0,
        0,
        0,
        0,
        0
    ],
    "time": [
        224.2669792175293,
        224.63890671730042,
        224.05716586112976,
        223.54463577270508,
        224.4998095035553,
        225.02379298210144,
        225.25657773017883,
        224.66230368614197,
        223.73770689964294,
        224.2532398700714
    ]
}