{
    "accepted": true,
    "base_channel": 0,
    "class_idx": 9,
    "exp-confidence": 0.999991774559021,
    "force_fp32": false,
    "img_normalize": true,
    "img_scale_db": 0,
    "input_transform": null,
    "layer_name": null,
    "mixclass_idx": null,
    "noise_mode": "const",
    "patch_idxs": null,
    "predictions": [
        4.466968221095158e-06,
        3.0806845643382985e-06,
        1.1175992398193557e-07,
        3.013283134123412e-08,
        1.0165977393228331e-08,
        2.193488057855575e-08,
        2.3975740504056375e-08,
        1.5031670841381128e-07,
        2.978096915740025e-07,
        0.999991774559021
    ],
    "random_seed": 0,
    "sel_channels": 3,
    "stylemix_idx": [],
    "stylemix_seed": null,
    "to_pil": true,
    "trunc_cutoff": 0,
    "trunc_psi": 1,
    "untransform": false,
    "w0_seeds": [
        [
            18,
            1.0
        ]
    ],
    "w_load": null
}