{
    "accepted": true,
    "base_channel": 0,
    "class_idx": 9,
    "exp-confidence": 0.9999797344207764,
    "force_fp32": false,
    "img_normalize": true,
    "img_scale_db": 0,
    "input_transform": null,
    "layer_name": null,
    "mixclass_idx": null,
    "noise_mode": "const",
    "patch_idxs": null,
    "predictions": [
        3.7796408491885813e-07,
        1.873536348284688e-05,
        1.5398066466332239e-07,
        2.444852498229011e-07,
        1.245722458520504e-08,
        1.9026263942123478e-07,
        6.28799767810051e-08,
        8.937301032574396e-08,
        3.8986300410215335e-07,
        0.9999797344207764
    ],
    "random_seed": 0,
    "sel_channels": 3,
    "stylemix_idx": [],
    "stylemix_seed": null,
    "to_pil": true,
    "trunc_cutoff": 0,
    "trunc_psi": 1,
    "untransform": false,
    "w0_seeds": [
        [
            3,
            1.0
        ]
    ],
    "w_load": null
}