{
    "accepted": true,
    "base_channel": 0,
    "class_idx": 9,
    "exp-confidence": 0.9999897480010986,
    "force_fp32": false,
    "img_normalize": true,
    "img_scale_db": 0,
    "input_transform": null,
    "layer_name": null,
    "mixclass_idx": null,
    "noise_mode": "const",
    "patch_idxs": null,
    "predictions": [
        5.066768267170119e-07,
        8.762102879700251e-06,
        1.801632407705256e-07,
        8.324179390228892e-08,
        5.366204813839204e-09,
        1.6842250261106528e-07,
        2.735416515520228e-08,
        1.425430014023732e-07,
        3.4738769727482577e-07,
        0.9999897480010986
    ],
    "random_seed": 0,
    "sel_channels": 3,
    "stylemix_idx": [],
    "stylemix_seed": null,
    "to_pil": true,
    "trunc_cutoff": 0,
    "trunc_psi": 1,
    "untransform": false,
    "w0_seeds": [
        [
            9,
            1.0
        ]
    ],
    "w_load": null
}